<?xml version="1.0" encoding="UTF-8"?>
<NewsInfo>
	<News id="0001">
		<publisher>张三</publisher>
		<publish_date>2016/5/5</publish_date>
		<title>詹姆斯27分骑士25记三分 主场射鹰大比分2比0</title>
		<content>新浪体育讯 北京时间5月5日，骑士主场创下多项三分球纪录，以123-98轻取老鹰，季后赛第二轮2-0领先。
			骑士外线手感火热，创下了NBA季后赛单节、半场和全场命中三分纪录。他们全场三分球45投25中，半场投中18个，单节投中10个。
			勒布朗-詹姆斯得了27分、5次助攻和4个篮板，JR-史密斯三分球13投7中，得23分，凯里-欧文19分6次助攻，凯文-勒夫11分13个篮板。替补出场的钱宁-弗莱12分。
			老鹰早早崩盘，以0-2落后回主场。保罗-米尔萨普16分11个篮板，杰夫-蒂格14分6次助攻，艾尔-霍福德10分3个篮板。
		</content>
		<skim_num>2342</skim_num>
		<comment>老鹰队要么不破，一破都破！</comment>
	</News>
	<News id="0002">
		<publisher>李四</publisher>
		<publish_date>2016/5/5</publish_date>
		<title>雷霆后卫:不担心阿德得分 一个人无法击败我们</title>
		<content>新浪体育讯
			北京时间5月5日，据ESPN报道，马刺与雷霆的前两场比赛中，阿尔德里奇独得79分（44投33中），然而在雷霆后卫迪昂-维特斯看来，光靠阿德一个人是击败不了雷霆的。
			“一个人不能击败你。”维特斯说道，“所以我们并不担心。如果他们希望继续把球交给他（阿德），我们不担心。一个人不能击败我们，无论他得多少分。”
			“我们必须做出调整，并让他更加困难。”维特斯继续说道，“他是一名很棒的球员，全明星。他总能命中投篮，他现在打得很棒。但是如果只是他一个人爆发，我们不担心。最终，伊巴卡和亚当斯将继续做他们该做的事情。”
		</content>
		<skim_num>3025</skim_num>
		<comment>维斯特是不是傻？一个人无法击败你们，呵呵，一个人怎么击败一只球队，篮球不是一个人的事。雷霆防阿德的个个被爆，你就别洗了。
		</comment>
	</News>
</NewsInfo>